{
    "met sahur": "",
    "naik": {
        "STKID": "5284455",
        "STKPKGID": "4330"
    },
    "oi": {
        "STKID": "66631050",
        "STKPKGID": "4183165"
    },
    "ok": {
        "STKID": "19745",
        "STKPKGID": "1151"
    },
    "oke": {
        "STKID": "19745",
        "STKPKGID": "1151"
    },
    "sahur": {
        "STKID": "73106350",
        "STKPKGID": "4371861"
    },
    "salken": {
        "STKID": "15527928",
        "STKPKGID": "1401018"
    },
    "saur": {
        "STKID": "73106350",
        "STKPKGID": "4371861"
    },
    "saur saur": {
        "STKID": "73106350",
        "STKPKGID": "4371861"
    },
    "sider off": {
        "STKID": "16520520",
        "STKPKGID": "1433645"
    },
    "sider on": {
        "STKID": "16520516",
        "STKPKGID": "1433645"
    },
    "wait": {
        "STKID": "16844043",
        "STKPKGID": "8670"
    }
}