{
    "@aji zhara ": {
        "STKID": "11783",
        "STKPKGID": "827"
    },
    "@mantanku ": "",
    "bubar": {
        "STKID": "23568675",
        "STKPKGID": "1735195"
    },
    "cie": {
        "STKID": "15527922",
        "STKPKGID": "1401018"
    },
    "malam": {
        "STKID": "153559",
        "STKPKGID": "2000007"
    },
    "malem": {
        "STKID": "153559",
        "STKPKGID": "2000007"
    },
    "mandi": {
        "STKID": "12296",
        "STKPKGID": "852"
    },
    "mlm": {
        "STKID": "153559",
        "STKPKGID": "2000007"
    },
    "morning": {
        "STKID": "153558",
        "STKPKGID": "2000007"
    },
    "naik": {
        "STKID": "15527924",
        "STKPKGID": "1401018"
    },
    "ok": {
        "STKID": "19745",
        "STKPKGID": "1151"
    },
    "oke": {
        "STKID": "19745",
        "STKPKGID": "1151"
    },
    "pagi": {
        "STKID": "15666186",
        "STKPKGID": "1405500"
    },
    "salken": {
        "STKID": "15527928",
        "STKPKGID": "1401018"
    },
    "sider off": {
        "STKID": "16520520",
        "STKPKGID": "1433645"
    },
    "sider on": {
        "STKID": "16520516",
        "STKPKGID": "1433645"
    },
    "up": {
        "STKID": "15527924",
        "STKPKGID": "1401018"
    }
}